<?xml version='1.0' encoding='UTF-8'?>

<host name="host2" xmlns="urn:jboss:domain:4.1">

    <extensions>
        <extension module="org.jboss.as.jmx"/>
    </extensions>
    <management>
        <security-realms>
            <security-realm name="ManagementRealm">
                <server-identities>
                    <secret value="U2xhdmUwMSM="/>
                </server-identities>
                <authentication>
                    <local default-user="$local" skip-group-loading="true"/>
                    <properties path="mgmt-users.properties" relative-to="jboss.domain.config.dir"/>
                </authentication>
                <authorization map-groups-to-roles="false">
                    <properties path="mgmt-groups.properties" relative-to="jboss.domain.config.dir"/>
                </authorization>
            </security-realm>
            <security-realm name="ApplicationRealm">
                <authentication>
                    <local default-user="$local" allowed-users="*" skip-group-loading="true"/>
                    <properties path="application-users.properties" relative-to="jboss.domain.config.dir"/>
                </authentication>
                <authorization>
                    <properties path="application-roles.properties" relative-to="jboss.domain.config.dir"/>
                </authorization>
            </security-realm>
        </security-realms>
        <audit-log>
            <formatters>
                <json-formatter name="json-formatter"/>
            </formatters>
            <handlers>
                <file-handler name="host-file" formatter="json-formatter" path="audit-log.log" relative-to="jboss.domain.data.dir"/>
                <file-handler name="server-file" formatter="json-formatter" path="audit-log.log" relative-to="jboss.server.data.dir"/>
            </handlers>
            <logger log-boot="true" log-read-only="false" enabled="false">
                <handlers>
                    <handler name="host-file"/>
                </handlers>
            </logger>
            <server-logger log-boot="true" log-read-only="false" enabled="false">
                <handlers>
                    <handler name="server-file"/>
                </handlers>
            </server-logger>
        </audit-log>
        <management-interfaces>
            <native-interface security-realm="ManagementRealm">
                <socket interface="management" port="${jboss.management.native.port:29999}"/>
            </native-interface>
        </management-interfaces>
    </management>

    <domain-controller>
        <remote security-realm="ManagementRealm">
            <discovery-options>
                <static-discovery name="primary" protocol="${jboss.domain.master.protocol:remote}" host="${jboss.domain.master.address:127.0.0.1}" port="${jboss.domain.master.port:9999}"/>
            </discovery-options>
        </remote>
    </domain-controller>

    <interfaces>
        <interface name="management">
            <inet-address value="${jboss.bind.address.management:127.0.0.1}"/>
        </interface>
        <interface name="public">
            <inet-address value="${jboss.bind.address:127.0.0.1}"/>
        </interface>
    </interfaces>

    <jvms>
        <jvm name="default">
            <heap size="64m" max-size="256m"/>
            <jvm-options>
                <option value="-server"/>
                <option value="-XX:MetaspaceSize=96m"/>
                <option value="-XX:MaxMetaspaceSize=256m"/>
            </jvm-options>
        </jvm>
    </jvms>

    <servers>
        <server name="node21" group="dev01">
            <socket-bindings port-offset="500"/>
        </server>
        <server name="node22" group="dev02">
            <socket-bindings port-offset="600"/>
        </server>
        <server name="node23" group="dev03">
            <socket-bindings port-offset="700"/>
        </server>
</servers>
    <profile>
        <subsystem xmlns="urn:jboss:domain:jmx:1.3">
            <expose-resolved-model/>
            <expose-expression-model/>
            <remoting-connector/>
        </subsystem>
    </profile>
</host>
